{
  "kind": "logistic",
  "binary": {
    "GEOM9": {
      "auc": 0.5559985339299507,
      "mean": 0.5563015085551608,
      "ci_lo": 0.5328645535471331,
      "ci_hi": 0.5790478416827545,
      "n_boot": 2000
    },
    "SURFACE": {
      "auc": 0.5145086031453732,
      "mean": 0.5142361413783916,
      "ci_lo": 0.49214219670589593,
      "ci_hi": 0.5362794367485003,
      "n_boot": 2000
    },
    "GEOM9_resid_SURF": {
      "auc": 0.6289911642569748,
      "mean": 0.6290883521332628,
      "ci_lo": 0.6083658027095077,
      "ci_hi": 0.6504248455148349,
      "n_boot": 2000
    },
    "GEOM9+SURF": {
      "auc": 0.6339239409387448,
      "mean": 0.6340120037566676,
      "ci_lo": 0.6123688547981297,
      "ci_hi": 0.6556302812603997,
      "n_boot": 2000
    }
  },
  "mode": {
    "GEOM9": {
      "macro_f1": 0.49007596595732017,
      "macro_f1_ci": [
        0.458257583131547,
        0.5212892275405228
      ],
      "bal_acc": 0.4983010284734423,
      "bal_acc_ci": [
        0.4691669897951606,
        0.5262384884623089
      ]
    },
    "SURFACE": {
      "macro_f1": 0.46812497888888044,
      "macro_f1_ci": [
        0.43352891477161554,
        0.5044675139289093
      ],
      "bal_acc": 0.4657823019891985,
      "bal_acc_ci": [
        0.4350343493063171,
        0.4997698419135932
      ]
    },
    "GEOM9_resid_SURF": {
      "macro_f1": 0.47530165589946255,
      "macro_f1_ci": [
        0.44355138348502227,
        0.5068882568792337
      ],
      "bal_acc": 0.4831098020753193,
      "bal_acc_ci": [
        0.4528073748269577,
        0.5141977671267467
      ]
    },
    "GEOM9+SURF": {
      "macro_f1": 0.5128624634211226,
      "macro_f1_ci": [
        0.47884973400795616,
        0.5473132725246321
      ],
      "bal_acc": 0.5084919869402628,
      "bal_acc_ci": [
        0.4748684397107094,
        0.5432361013565367
      ]
    }
  },
  "mode_n_incorrect": 1151,
  "mode_class_counts": {
    "1": 312,
    "2": 462,
    "3": 377
  },
  "mode_delta_residgeom_minus_surface": {
    "delta_mean": 0.0068652750961908865,
    "ci_lo": -0.03426122503157978,
    "ci_hi": 0.047274202190422304,
    "frac_gt0": 0.627,
    "n_boot": 2000
  }
}