{
  "kind": "logistic",
  "folds": {
    "gsm8k": {
      "held_out": "gsm8k",
      "n_test": 1200,
      "binary": {
        "GEOM9": {
          "auc": 0.5053438012250884,
          "ci": [
            0.4644964170723585,
            0.5460628796015056
          ]
        },
        "SURFACE": {
          "auc": 0.42685704425847637,
          "ci": [
            0.38808013938237984,
            0.46606263351815996
          ]
        },
        "GEOM9_resid_SURF": {
          "auc": 0.5601207833664049,
          "ci": [
            0.5239419491158429,
            0.5989052001890702
          ]
        },
        "GEOM9+SURF": {
          "auc": 0.5406021913553619,
          "ci": [
            0.503418182643016,
            0.5807377320286328
          ]
        }
      },
      "mode": {
        "GEOM9": {
          "macro_f1": 0.2114222371734764,
          "macro_f1_ci": [
            0.17402681204634676,
            0.2492559607541598
          ],
          "bal_acc": 0.27654091939806225
        },
        "SURFACE": {
          "macro_f1": 0.19591976821516557,
          "macro_f1_ci": [
            0.1656434445551426,
            0.22474005303083985
          ],
          "bal_acc": 0.4901051329622758
        },
        "GEOM9_resid_SURF": {
          "macro_f1": 0.20140998194276882,
          "macro_f1_ci": [
            0.16016927711065426,
            0.24254041446782856
          ],
          "bal_acc": 0.2521129663986807
        },
        "GEOM9+SURF": {
          "macro_f1": 0.19708300148383784,
          "macro_f1_ci": [
            0.16004495655972484,
            0.23387560267906557
          ],
          "bal_acc": 0.2801484230055658
        }
      },
      "mode_delta_residgeom_minus_surface": {
        "delta_mean": 0.005368461532392372,
        "ci_lo": -0.04114850190408995,
        "ci_hi": 0.055452489134950045,
        "frac_gt0": 0.5855,
        "n_boot": 2000
      },
      "mode_delta_geom9_minus_surface": {
        "delta_mean": 0.01455654476616132,
        "ci_lo": -0.02944647944422089,
        "ci_hi": 0.05807391350065336,
        "frac_gt0": 0.744,
        "n_boot": 2000
      },
      "mode_test_class_counts": {
        "1": 6,
        "2": 231,
        "3": 98
      },
      "n_test_incorrect": 335
    },
    "folio": {
      "held_out": "folio",
      "n_test": 1158,
      "binary": {
        "GEOM9": {
          "auc": 0.5118429154159932,
          "ci": [
            0.47644781944297576,
            0.544385472628665
          ]
        },
        "SURFACE": {
          "auc": 0.45619596449370176,
          "ci": [
            0.4154597899477454,
            0.49713981941432667
          ]
        },
        "GEOM9_resid_SURF": {
          "auc": 0.5692199645963212,
          "ci": [
            0.5312149013444845,
            0.605911551999712
          ]
        },
        "GEOM9+SURF": {
          "auc": 0.5558377587931964,
          "ci": [
            0.5169985518204833,
            0.5909065874897086
          ]
        }
      },
      "mode": {
        "GEOM9": {
          "macro_f1": 0.2144578769161114,
          "macro_f1_ci": [
            0.1773282082953716,
            0.25025390792292695
          ],
          "bal_acc": 0.3793590668590669
        },
        "SURFACE": {
          "macro_f1": 0.21711173891071364,
          "macro_f1_ci": [
            0.17325988353738206,
            0.26069892977021036
          ],
          "bal_acc": 0.3697089947089947
        },
        "GEOM9_resid_SURF": {
          "macro_f1": 0.21973951363504649,
          "macro_f1_ci": [
            0.17687920768344276,
            0.260757995272153
          ],
          "bal_acc": 0.32121813371813374
        },
        "GEOM9+SURF": {
          "macro_f1": 0.29894931852307655,
          "macro_f1_ci": [
            0.2515544706329806,
            0.3449626303334049
          ],
          "bal_acc": 0.36838624338624343
        }
      },
      "mode_delta_residgeom_minus_surface": {
        "delta_mean": 0.0033913868686859675,
        "ci_lo": -0.05532024098786359,
        "ci_hi": 0.05955954574947657,
        "frac_gt0": 0.552,
        "n_boot": 2000
      },
      "mode_delta_geom9_minus_surface": {
        "delta_mean": -0.002498079553306049,
        "ci_lo": -0.04476572125698457,
        "ci_hi": 0.03663226685285259,
        "frac_gt0": 0.4585,
        "n_boot": 2000
      },
      "mode_test_class_counts": {
        "1": 144,
        "2": 84,
        "3": 198
      },
      "n_test_incorrect": 426
    },
    "prontoqa": {
      "held_out": "prontoqa",
      "n_test": 1135,
      "binary": {
        "GEOM9": {
          "auc": 0.42701772500430213,
          "ci": [
            0.39445040721601765,
            0.45961069490816775
          ]
        },
        "SURFACE": {
          "auc": 0.4490259852004818,
          "ci": [
            0.41347177509347705,
            0.4872436888586072
          ]
        },
        "GEOM9_resid_SURF": {
          "auc": 0.633794527620031,
          "ci": [
            0.6004224215430103,
            0.6700215328145582
          ]
        },
        "GEOM9+SURF": {
          "auc": 0.5220719325417312,
          "ci": [
            0.48602696409123863,
            0.5606481138286977
          ]
        }
      },
      "mode": {
        "GEOM9": {
          "macro_f1": 0.24870797560687952,
          "macro_f1_ci": [
            0.20415456000247764,
            0.293898441679132
          ],
          "bal_acc": 0.3186360964138742
        },
        "SURFACE": {
          "macro_f1": 0.3062931269623312,
          "macro_f1_ci": [
            0.2610661341906232,
            0.3511377485373106
          ],
          "bal_acc": 0.35269169396153527
        },
        "GEOM9_resid_SURF": {
          "macro_f1": 0.34475800975307674,
          "macro_f1_ci": [
            0.29737260787721786,
            0.3901180061056659
          ],
          "bal_acc": 0.3623918703283782
        },
        "GEOM9+SURF": {
          "macro_f1": 0.31631176631176633,
          "macro_f1_ci": [
            0.2673843605821058,
            0.36625760969028626
          ],
          "bal_acc": 0.3460569412950365
        }
      },
      "mode_delta_residgeom_minus_surface": {
        "delta_mean": 0.03799509331467931,
        "ci_lo": -0.018815438629157993,
        "ci_hi": 0.09434470273700585,
        "frac_gt0": 0.9045,
        "n_boot": 2000
      },
      "mode_delta_geom9_minus_surface": {
        "delta_mean": -0.05803856502364696,
        "ci_lo": -0.11334849293779511,
        "ci_hi": -0.0008030952900119137,
        "frac_gt0": 0.024,
        "n_boot": 2000
      },
      "mode_test_class_counts": {
        "1": 162,
        "2": 147,
        "3": 81
      },
      "n_test_incorrect": 390
    }
  }
}