{
  "mode_residgeom_macro_f1_real": 0.47530165589946255,
  "mode_null_mean": 0.2575776683434562,
  "mode_null_p95": 0.2904145785096167,
  "mode_p_value": 0.004975124378109453,
  "binary_geom9_auc_real": 0.5559985339299507,
  "binary_null_mean": 0.4952623623611741,
  "binary_null_p95": 0.5166607064291178,
  "binary_p_value": 0.004975124378109453,
  "n_perm": 200
}