{
  "kind": "logistic",
  "folds": {
    "gsm8k": {
      "held_out": "gsm8k",
      "n_test": 1200,
      "binary": {
        "GEOM9": {
          "auc": 0.4909602277629195,
          "ci": [
            0.449472882024069,
            0.5311896433679044
          ]
        },
        "SURFACE": {
          "auc": 0.4065585367957898,
          "ci": [
            0.367386628902883,
            0.4460215070987085
          ]
        },
        "GEOM9_resid_SURF": {
          "auc": 0.553015270468467,
          "ci": [
            0.5159794873829894,
            0.5897827704451346
          ]
        },
        "GEOM9+SURF": {
          "auc": 0.512701233715814,
          "ci": [
            0.47489363609481283,
            0.552446966476119
          ]
        }
      },
      "mode": {
        "GEOM9": {
          "macro_f1": 0.19029623814551133,
          "macro_f1_ci": [
            0.14959816294338124,
            0.23034610446168954
          ],
          "bal_acc": 0.2956091527520099
        },
        "SURFACE": {
          "macro_f1": 0.25612347767845756,
          "macro_f1_ci": [
            0.21078402631134108,
            0.30016356908272585
          ],
          "bal_acc": 0.4655741084312513
        },
        "GEOM9_resid_SURF": {
          "macro_f1": 0.2703280928210528,
          "macro_f1_ci": [
            0.24390320423457293,
            0.30112828312675544
          ],
          "bal_acc": 0.2913832199546485
        },
        "GEOM9+SURF": {
          "macro_f1": 0.23583600474427077,
          "macro_f1_ci": [
            0.19725966831043337,
            0.27117722647425146
          ],
          "bal_acc": 0.3320964749536178
        }
      },
      "mode_delta_residgeom_minus_surface": {
        "delta_mean": 0.015258074517226454,
        "ci_lo": -0.03402985155105307,
        "ci_hi": 0.06491385228052139,
        "frac_gt0": 0.7215,
        "n_boot": 2000
      },
      "mode_delta_geom9_minus_surface": {
        "delta_mean": -0.06605288397621017,
        "ci_lo": -0.1139224085058819,
        "ci_hi": -0.017774744499144936,
        "frac_gt0": 0.001,
        "n_boot": 2000
      },
      "mode_test_class_counts": {
        "1": 6,
        "2": 231,
        "3": 98
      },
      "n_test_incorrect": 335
    },
    "folio": {
      "held_out": "folio",
      "n_test": 1158,
      "binary": {
        "GEOM9": {
          "auc": 0.49386528643628613,
          "ci": [
            0.4584013637470105,
            0.5275687229972816
          ]
        },
        "SURFACE": {
          "auc": 0.462102991354319,
          "ci": [
            0.4221526390647927,
            0.5024323089334272
          ]
        },
        "GEOM9_resid_SURF": {
          "auc": 0.5397008645681007,
          "ci": [
            0.5033535321204907,
            0.5744758206874215
          ]
        },
        "GEOM9+SURF": {
          "auc": 0.5379050257831139,
          "ci": [
            0.49919035717152027,
            0.571617352979687
          ]
        }
      },
      "mode": {
        "GEOM9": {
          "macro_f1": 0.20359501100513575,
          "macro_f1_ci": [
            0.1671309264446519,
            0.23812604048294322
          ],
          "bal_acc": 0.37533068783068785
        },
        "SURFACE": {
          "macro_f1": 0.2307883059103946,
          "macro_f1_ci": [
            0.18589957720580738,
            0.2780568480621275
          ],
          "bal_acc": 0.3706108706108706
        },
        "GEOM9_resid_SURF": {
          "macro_f1": 0.20330747683688863,
          "macro_f1_ci": [
            0.16434462883894788,
            0.24217934399922672
          ],
          "bal_acc": 0.32975589225589225
        },
        "GEOM9+SURF": {
          "macro_f1": 0.2602082452558567,
          "macro_f1_ci": [
            0.21283443918756556,
            0.30520572619881414
          ],
          "bal_acc": 0.3514309764309764
        }
      },
      "mode_delta_residgeom_minus_surface": {
        "delta_mean": -0.026872011118850764,
        "ci_lo": -0.08517641049557421,
        "ci_hi": 0.02743132344122197,
        "frac_gt0": 0.1845,
        "n_boot": 2000
      },
      "mode_delta_geom9_minus_surface": {
        "delta_mean": -0.02704455978647247,
        "ci_lo": -0.07490335806091385,
        "ci_hi": 0.018440666808847476,
        "frac_gt0": 0.1215,
        "n_boot": 2000
      },
      "mode_test_class_counts": {
        "1": 144,
        "2": 84,
        "3": 198
      },
      "n_test_incorrect": 426
    },
    "prontoqa": {
      "held_out": "prontoqa",
      "n_test": 1135,
      "binary": {
        "GEOM9": {
          "auc": 0.46741567906546194,
          "ci": [
            0.43642726923032515,
            0.4994691312758607
          ]
        },
        "SURFACE": {
          "auc": 0.5117371351090599,
          "ci": [
            0.4795737127485366,
            0.5441235690738554
          ]
        },
        "GEOM9_resid_SURF": {
          "auc": 0.5747773823027079,
          "ci": [
            0.5393874903205096,
            0.6099680574548927
          ]
        },
        "GEOM9+SURF": {
          "auc": 0.5138198980456578,
          "ci": [
            0.48092162786672527,
            0.5468845100434365
          ]
        }
      },
      "mode": {
        "GEOM9": {
          "macro_f1": 0.20204752435514317,
          "macro_f1_ci": [
            0.1634877494195809,
            0.24127782920871796
          ],
          "bal_acc": 0.3134787815777234
        },
        "SURFACE": {
          "macro_f1": 0.34358276109418573,
          "macro_f1_ci": [
            0.29868854887479,
            0.38403511068952356
          ],
          "bal_acc": 0.4355848378759714
        },
        "GEOM9_resid_SURF": {
          "macro_f1": 0.34641928018256557,
          "macro_f1_ci": [
            0.30481472606808485,
            0.38650729924852134
          ],
          "bal_acc": 0.38407382072351287
        },
        "GEOM9+SURF": {
          "macro_f1": 0.3214102932032334,
          "macro_f1_ci": [
            0.27665665099847875,
            0.3659899623481847
          ],
          "bal_acc": 0.3950856559480613
        }
      },
      "mode_delta_residgeom_minus_surface": {
        "delta_mean": 0.0034618858455317415,
        "ci_lo": -0.05028315873799095,
        "ci_hi": 0.0556984078820263,
        "frac_gt0": 0.5465,
        "n_boot": 2000
      },
      "mode_delta_geom9_minus_surface": {
        "delta_mean": -0.14036680920423045,
        "ci_lo": -0.19332486494894413,
        "ci_hi": -0.08792092017168929,
        "frac_gt0": 0.0,
        "n_boot": 2000
      },
      "mode_test_class_counts": {
        "1": 162,
        "2": 223,
        "3": 59
      },
      "n_test_incorrect": 444
    }
  }
}