{
  "indist": {
    "kind": "hgb",
    "binary": {
      "GEOM9": {
        "auc": 0.5925195185414087,
        "mean": 0.5927188968945515,
        "ci_lo": 0.5702575343389179,
        "ci_hi": 0.6133138817447401,
        "n_boot": 2000
      },
      "SURFACE": {
        "auc": 0.6235718615454129,
        "mean": 0.623649603006216,
        "ci_lo": 0.6018909516608199,
        "ci_hi": 0.644562072751029,
        "n_boot": 2000
      },
      "GEOM9_resid_SURF": {
        "auc": 0.6571514318295975,
        "mean": 0.6572398381522401,
        "ci_lo": 0.6354072958758927,
        "ci_hi": 0.6789578569587795,
        "n_boot": 2000
      },
      "GEOM9+SURF": {
        "auc": 0.6720987059854386,
        "mean": 0.6720745435515179,
        "ci_lo": 0.6508205344016976,
        "ci_hi": 0.6941151279255007,
        "n_boot": 2000
      }
    },
    "mode": {
      "GEOM9": {
        "macro_f1": 0.49996620104484313,
        "macro_f1_ci": [
          0.46799007759805605,
          0.5312905549727863
        ],
        "bal_acc": 0.49668913462016917,
        "bal_acc_ci": [
          0.46498868320631925,
          0.528283943386362
        ]
      },
      "SURFACE": {
        "macro_f1": 0.5110426999652199,
        "macro_f1_ci": [
          0.48305751850160006,
          0.5408313824124854
        ],
        "bal_acc": 0.5073934686003652,
        "bal_acc_ci": [
          0.47904154306377617,
          0.5379518134945607
        ]
      },
      "GEOM9_resid_SURF": {
        "macro_f1": 0.5344680484183947,
        "macro_f1_ci": [
          0.5014499826979889,
          0.5667075156908042
        ],
        "bal_acc": 0.5293609647057923,
        "bal_acc_ci": [
          0.4971829592562357,
          0.5616401470976609
        ]
      },
      "GEOM9+SURF": {
        "macro_f1": 0.5461295391329667,
        "macro_f1_ci": [
          0.5160752150940211,
          0.5783226136257856
        ],
        "bal_acc": 0.5435503194123883,
        "bal_acc_ci": [
          0.5133752263711068,
          0.5769242513291588
        ]
      }
    },
    "mode_n_incorrect": 1151,
    "mode_class_counts": {
      "1": 312,
      "2": 462,
      "3": 377
    },
    "mode_delta_residgeom_minus_surface": {
      "delta_mean": 0.02306246901442667,
      "ci_lo": -0.012975055597195886,
      "ci_hi": 0.05847189204626646,
      "frac_gt0": 0.9105,
      "n_boot": 2000
    }
  },
  "lodo": {
    "kind": "hgb",
    "folds": {
      "gsm8k": {
        "held_out": "gsm8k",
        "n_test": 1200,
        "binary": {
          "GEOM9": {
            "auc": 0.5033681304460357,
            "ci": [
              0.46177106149660724,
              0.5438673759435982
            ]
          },
          "SURFACE": {
            "auc": 0.5488137347942369,
            "ci": [
              0.5122504478786534,
              0.5838858886098385
            ]
          },
          "GEOM9_resid_SURF": {
            "auc": 0.5683150720386507,
            "ci": [
              0.5331833486741118,
              0.607231588830917
            ]
          },
          "GEOM9+SURF": {
            "auc": 0.5652109395220429,
            "ci": [
              0.5255619910250323,
              0.6059516959093459
            ]
          }
        },
        "mode": {
          "GEOM9": {
            "macro_f1": 0.2378533742814395,
            "macro_f1_ci": [
              0.1975021314969254,
              0.27779227949398394
            ],
            "bal_acc": 0.20356627499484645
          },
          "SURFACE": {
            "macro_f1": 0.30320125951193916,
            "macro_f1_ci": [
              0.2618735807866996,
              0.34589096647045936
            ],
            "bal_acc": 0.463718820861678
          },
          "GEOM9_resid_SURF": {
            "macro_f1": 0.15944839474251238,
            "macro_f1_ci": [
              0.12483804201125984,
              0.1935383294563235
            ],
            "bal_acc": 0.15708101422387136
          },
          "GEOM9+SURF": {
            "macro_f1": 0.22509137512669833,
            "macro_f1_ci": [
              0.1888391461326747,
              0.25944108142386263
            ],
            "bal_acc": 0.2481962481962482
          }
        },
        "mode_delta_residgeom_minus_surface": {
          "delta_mean": -0.14444419612475948,
          "ci_lo": -0.200459294285102,
          "ci_hi": -0.09048984489905923,
          "frac_gt0": 0.0,
          "n_boot": 2000
        },
        "mode_delta_geom9_minus_surface": {
          "delta_mean": -0.06577232280626172,
          "ci_lo": -0.1289060579987473,
          "ci_hi": 6.157113952772876e-05,
          "frac_gt0": 0.0255,
          "n_boot": 2000
        },
        "mode_test_class_counts": {
          "1": 6,
          "2": 231,
          "3": 98
        },
        "n_test_incorrect": 335
      },
      "folio": {
        "held_out": "folio",
        "n_test": 1158,
        "binary": {
          "GEOM9": {
            "auc": 0.5084981656789553,
            "ci": [
              0.47363670252000106,
              0.5444933633943622
            ]
          },
          "SURFACE": {
            "auc": 0.5631894738192359,
            "ci": [
              0.5252141173348649,
              0.6004608700391348
            ]
          },
          "GEOM9_resid_SURF": {
            "auc": 0.5475865209471766,
            "ci": [
              0.5095113835351947,
              0.5837314736010445
            ]
          },
          "GEOM9+SURF": {
            "auc": 0.5805032838194926,
            "ci": [
              0.544392806812803,
              0.6144289326618425
            ]
          }
        },
        "mode": {
          "GEOM9": {
            "macro_f1": 0.24674445689674118,
            "macro_f1_ci": [
              0.20372153020303382,
              0.28905955825943963
            ],
            "bal_acc": 0.3384439634439634
          },
          "SURFACE": {
            "macro_f1": 0.3316179198691187,
            "macro_f1_ci": [
              0.2891718589241049,
              0.3740954780339468
            ],
            "bal_acc": 0.3807720057720057
          },
          "GEOM9_resid_SURF": {
            "macro_f1": 0.34458366111230304,
            "macro_f1_ci": [
              0.2969367628605439,
              0.3909206922661915
            ],
            "bal_acc": 0.39838864838864846
          },
          "GEOM9+SURF": {
            "macro_f1": 0.3025712098413453,
            "macro_f1_ci": [
              0.258865884261059,
              0.34614697487359064
            ],
            "bal_acc": 0.3532647907647908
          }
        },
        "mode_delta_residgeom_minus_surface": {
          "delta_mean": 0.014012083489356376,
          "ci_lo": -0.04098290560970981,
          "ci_hi": 0.06692365471323021,
          "frac_gt0": 0.707,
          "n_boot": 2000
        },
        "mode_delta_geom9_minus_surface": {
          "delta_mean": -0.08438073493131716,
          "ci_lo": -0.13342976847600796,
          "ci_hi": -0.03300463369470944,
          "frac_gt0": 0.0005,
          "n_boot": 2000
        },
        "mode_test_class_counts": {
          "1": 144,
          "2": 84,
          "3": 198
        },
        "n_test_incorrect": 426
      },
      "prontoqa": {
        "held_out": "prontoqa",
        "n_test": 1135,
        "binary": {
          "GEOM9": {
            "auc": 0.43034073309241094,
            "ci": [
              0.39598550015379086,
              0.46533364917262143
            ]
          },
          "SURFACE": {
            "auc": 0.5427568404749612,
            "ci": [
              0.509656724512104,
              0.5784542917588248
            ]
          },
          "GEOM9_resid_SURF": {
            "auc": 0.5693374634314232,
            "ci": [
              0.5341472919366329,
              0.6072702583648442
            ]
          },
          "GEOM9+SURF": {
            "auc": 0.5728755807950439,